<ImportExportXml version="6.0.0002.0043" SolutionPackageVersion="6.0" languagecode="1033" generatedBy="CrmLive" xmlns:xsi="http://www.w3.org/2001/XMLSchema-instance">
  <SolutionManifest>
    <UniqueName>Smartint</UniqueName>
    <LocalizedNames>
      <LocalizedName description="Smartint" languagecode="1033" />
    </LocalizedNames>
    <Descriptions>
      <Description description="Smartint is a simple, powerful and fast file manager that does the job of a smart integration between Dynamics CRM and Dropbox.&#xA;Learn more at http://quitegeek.com" languagecode="1033" />
    </Descriptions>
    <Version>2.2.1.0</Version>
    <Managed>0</Managed>
    <ConfigurationPage>qg_authorize.html</ConfigurationPage>
    <Publisher>
      <UniqueName>quitegeek</UniqueName>
      <LocalizedNames>
        <LocalizedName description="Quite Geek" languagecode="1033" />
      </LocalizedNames>
      <Descriptions />
      <EMailAddress>support@quitegeek.com</EMailAddress>
      <SupportingWebsiteUrl>http://quitegeek.com</SupportingWebsiteUrl>
      <CustomizationPrefix>qg</CustomizationPrefix>
      <CustomizationOptionValuePrefix>14041</CustomizationOptionValuePrefix>
      <Addresses>
        <Address>
          <AddressNumber>1</AddressNumber>
          <AddressTypeCode>1</AddressTypeCode>
          <City xsi:nil="true"></City>
          <County xsi:nil="true"></County>
          <Country xsi:nil="true"></Country>
          <Fax xsi:nil="true"></Fax>
          <FreightTermsCode xsi:nil="true"></FreightTermsCode>
          <ImportSequenceNumber xsi:nil="true"></ImportSequenceNumber>
          <Latitude xsi:nil="true"></Latitude>
          <Line1 xsi:nil="true"></Line1>
          <Line2 xsi:nil="true"></Line2>
          <Line3 xsi:nil="true"></Line3>
          <Longitude xsi:nil="true"></Longitude>
          <Name xsi:nil="true"></Name>
          <PostalCode xsi:nil="true"></PostalCode>
          <PostOfficeBox xsi:nil="true"></PostOfficeBox>
          <PrimaryContactName xsi:nil="true"></PrimaryContactName>
          <ShippingMethodCode>1</ShippingMethodCode>
          <StateOrProvince xsi:nil="true"></StateOrProvince>
          <Telephone1 xsi:nil="true"></Telephone1>
          <Telephone2 xsi:nil="true"></Telephone2>
          <Telephone3 xsi:nil="true"></Telephone3>
          <TimeZoneRuleVersionNumber xsi:nil="true"></TimeZoneRuleVersionNumber>
          <UPSZone xsi:nil="true"></UPSZone>
          <UTCOffset xsi:nil="true"></UTCOffset>
          <UTCConversionTimeZoneCode xsi:nil="true"></UTCConversionTimeZoneCode>
        </Address>
        <Address>
          <AddressNumber>2</AddressNumber>
          <AddressTypeCode>1</AddressTypeCode>
          <City xsi:nil="true"></City>
          <County xsi:nil="true"></County>
          <Country xsi:nil="true"></Country>
          <Fax xsi:nil="true"></Fax>
          <FreightTermsCode xsi:nil="true"></FreightTermsCode>
          <ImportSequenceNumber xsi:nil="true"></ImportSequenceNumber>
          <Latitude xsi:nil="true"></Latitude>
          <Line1 xsi:nil="true"></Line1>
          <Line2 xsi:nil="true"></Line2>
          <Line3 xsi:nil="true"></Line3>
          <Longitude xsi:nil="true"></Longitude>
          <Name xsi:nil="true"></Name>
          <PostalCode xsi:nil="true"></PostalCode>
          <PostOfficeBox xsi:nil="true"></PostOfficeBox>
          <PrimaryContactName xsi:nil="true"></PrimaryContactName>
          <ShippingMethodCode>1</ShippingMethodCode>
          <StateOrProvince xsi:nil="true"></StateOrProvince>
          <Telephone1 xsi:nil="true"></Telephone1>
          <Telephone2 xsi:nil="true"></Telephone2>
          <Telephone3 xsi:nil="true"></Telephone3>
          <TimeZoneRuleVersionNumber xsi:nil="true"></TimeZoneRuleVersionNumber>
          <UPSZone xsi:nil="true"></UPSZone>
          <UTCOffset xsi:nil="true"></UTCOffset>
          <UTCConversionTimeZoneCode xsi:nil="true"></UTCConversionTimeZoneCode>
        </Address>
      </Addresses>
    </Publisher>
    <RootComponents>
      <RootComponent type="1" schemaName="qg_smartintcustomentity" />
      <RootComponent type="1" schemaName="qg_smartintforentity" />
      <RootComponent type="1" schemaName="qg_smartintsettings" />
      <RootComponent type="20" id="{529afc6d-44b1-e311-b991-d89d6763fc38}" />
      <RootComponent type="61" schemaName="qg_/css/authorize.css" />
      <RootComponent type="61" schemaName="qg_/css/commands.css" />
      <RootComponent type="61" schemaName="qg_/css/common.css" />
      <RootComponent type="61" schemaName="qg_/css/contextmenu.css" />
      <RootComponent type="61" schemaName="qg_/css/cwd.css" />
      <RootComponent type="61" schemaName="qg_/css/dialog.css" />
      <RootComponent type="61" schemaName="qg_/css/fonts.css" />
      <RootComponent type="61" schemaName="qg_/css/Grey_light_default.css" />
      <RootComponent type="61" schemaName="qg_/css/jqueryui1.8.23.custom.css" />
      <RootComponent type="61" schemaName="qg_/css/MapListProCore.css" />
      <RootComponent type="61" schemaName="qg_/css/navbar.css" />
      <RootComponent type="61" schemaName="qg_/css/prettylinks.css" />
      <RootComponent type="61" schemaName="qg_/css/quicklook.css" />
      <RootComponent type="61" schemaName="qg_/css/statusbar.css" />
      <RootComponent type="61" schemaName="qg_/css/theme.css" />
      <RootComponent type="61" schemaName="qg_/css/toolbar.css" />
      <RootComponent type="61" schemaName="qg_/img/arrowsactive.png" />
      <RootComponent type="61" schemaName="qg_/img/arrowsnormal.png" />
      <RootComponent type="61" schemaName="qg_/img/crop.gif" />
      <RootComponent type="61" schemaName="qg_/img/dialogs.png" />
      <RootComponent type="61" schemaName="qg_/img/Dropbox16X16.png" />
      <RootComponent type="61" schemaName="qg_/img/Dropbox32X32.png" />
      <RootComponent type="61" schemaName="qg_/img/email.png" />
      <RootComponent type="61" schemaName="qg_/img/GoogleDrive16x16.png" />
      <RootComponent type="61" schemaName="qg_/img/iconsbig.png" />
      <RootComponent type="61" schemaName="qg_/img/iconssmall.png" />
      <RootComponent type="61" schemaName="qg_/img/logo.png" />
      <RootComponent type="61" schemaName="qg_/img/page_excel.png" />
      <RootComponent type="61" schemaName="qg_/img/page_white_acrobat.png" />
      <RootComponent type="61" schemaName="qg_/img/page_white_actionscript.png" />
      <RootComponent type="61" schemaName="qg_/img/page_white_camera.png" />
      <RootComponent type="61" schemaName="qg_/img/page_white_compressed.png" />
      <RootComponent type="61" schemaName="qg_/img/page_white_excel.png" />
      <RootComponent type="61" schemaName="qg_/img/page_white_office.png" />
      <RootComponent type="61" schemaName="qg_/img/page_white_picture.png" />
      <RootComponent type="61" schemaName="qg_/img/page_white_powerpoint.png" />
      <RootComponent type="61" schemaName="qg_/img/page_white_vector.png" />
      <RootComponent type="61" schemaName="qg_/img/page_white_visualstudio.png" />
      <RootComponent type="61" schemaName="qg_/img/page_white_word.png" />
      <RootComponent type="61" schemaName="qg_/img/page_white_zip.png" />
      <RootComponent type="61" schemaName="qg_/img/page_word.png" />
      <RootComponent type="61" schemaName="qg_/img/picture.png" />
      <RootComponent type="61" schemaName="qg_/img/progress.gif" />
      <RootComponent type="61" schemaName="qg_/img/qglogo.png" />
      <RootComponent type="61" schemaName="qg_/img/quicklookbg.png" />
      <RootComponent type="61" schemaName="qg_/img/quicklookicons.png" />
      <RootComponent type="61" schemaName="qg_/img/resize.png" />
      <RootComponent type="61" schemaName="qg_/img/sendemail.png" />
      <RootComponent type="61" schemaName="qg_/img/Skydrive16x16.png" />
      <RootComponent type="61" schemaName="qg_/img/Smartint16X16.png" />
      <RootComponent type="61" schemaName="qg_/img/Smartint32X32.png" />
      <RootComponent type="61" schemaName="qg_/img/spinnermini.gif" />
      <RootComponent type="61" schemaName="qg_/img/toolbar.png" />
      <RootComponent type="61" schemaName="qg_/img/uibg_flat_0_aaaaaa_40x100.png" />
      <RootComponent type="61" schemaName="qg_/img/uibg_flat_75_ffffff_40x100.png" />
      <RootComponent type="61" schemaName="qg_/img/uibg_glass_55_fbf9ee_1x400.png" />
      <RootComponent type="61" schemaName="qg_/img/uibg_glass_65_ffffff_1x400.png" />
      <RootComponent type="61" schemaName="qg_/img/uibg_glass_75_dadada_1x400.png" />
      <RootComponent type="61" schemaName="qg_/img/uibg_glass_75_e6e6e6_1x400.png" />
      <RootComponent type="61" schemaName="qg_/img/uibg_glass_95_fef1ec_1x400.png" />
      <RootComponent type="61" schemaName="qg_/img/uibg_highlightsoft_75_cccccc_1x100.png" />
      <RootComponent type="61" schemaName="qg_/img/uiicons_222222_256x240.png" />
      <RootComponent type="61" schemaName="qg_/img/uiicons_2e83ff_256x240.png" />
      <RootComponent type="61" schemaName="qg_/img/uiicons_454545_256x240.png" />
      <RootComponent type="61" schemaName="qg_/img/uiicons_888888_256x240.png" />
      <RootComponent type="61" schemaName="qg_/img/uiicons_cd0a0a_256x240.png" />
      <RootComponent type="61" schemaName="qg_/js/authorize.js" />
      <RootComponent type="61" schemaName="qg_/js/elFinder.command.js" />
      <RootComponent type="61" schemaName="qg_/js/elFinder.Commands.min.js" />
      <RootComponent type="61" schemaName="qg_/js/elfinder.en.js" />
      <RootComponent type="61" schemaName="qg_/js/elFinder.history.js" />
      <RootComponent type="61" schemaName="qg_/js/elFinder.js" />
      <RootComponent type="61" schemaName="qg_/js/elFinder.options.js" />
      <RootComponent type="61" schemaName="qg_/js/elFinder.resources.js" />
      <RootComponent type="61" schemaName="qg_/js/elFinder.ui.min.js" />
      <RootComponent type="61" schemaName="qg_/js/elFinder.version.js" />
      <RootComponent type="61" schemaName="qg_/js/jquery.dialogelfinder.js" />
      <RootComponent type="61" schemaName="qg_/js/jquery.elfinder.js" />
      <RootComponent type="61" schemaName="qg_/js/jquery1.8.1.min.js" />
      <RootComponent type="61" schemaName="qg_/js/jqueryui1.8.23.custom.min.js" />
      <RootComponent type="61" schemaName="qg_/js/lcid/elfinder.ar.js" />
      <RootComponent type="61" schemaName="qg_/js/lcid/elfinder.bg.js" />
      <RootComponent type="61" schemaName="qg_/js/lcid/elfinder.ca.js" />
      <RootComponent type="61" schemaName="qg_/js/lcid/elfinder.cs.js" />
      <RootComponent type="61" schemaName="qg_/js/lcid/elfinder.de.js" />
      <RootComponent type="61" schemaName="qg_/js/lcid/elfinder.es.js" />
      <RootComponent type="61" schemaName="qg_/js/lcid/elfinder.fa.js" />
      <RootComponent type="61" schemaName="qg_/js/lcid/elfinder.fr.js" />
      <RootComponent type="61" schemaName="qg_/js/lcid/elfinder.hu.js" />
      <RootComponent type="61" schemaName="qg_/js/lcid/elfinder.it.js" />
      <RootComponent type="61" schemaName="qg_/js/lcid/elfinder.jp.js" />
      <RootComponent type="61" schemaName="qg_/js/lcid/elfinder.ko.js" />
      <RootComponent type="61" schemaName="qg_/js/lcid/elfinder.nl.js" />
      <RootComponent type="61" schemaName="qg_/js/lcid/elfinder.no.js" />
      <RootComponent type="61" schemaName="qg_/js/lcid/elfinder.pl.js" />
      <RootComponent type="61" schemaName="qg_/js/lcid/elfinder.pt_BR.js" />
      <RootComponent type="61" schemaName="qg_/js/lcid/elfinder.ru.js" />
      <RootComponent type="61" schemaName="qg_/js/lcid/elfinder.tr.js" />
      <RootComponent type="61" schemaName="qg_/js/lcid/elfinder.zh_CN.js" />
      <RootComponent type="61" schemaName="qg_/js/Nibbler.min.js" />
      <RootComponent type="61" schemaName="qg_/js/oauth.js" />
      <RootComponent type="61" schemaName="qg_/js/sdk.metadata.js" />
      <RootComponent type="61" schemaName="qg_/js/sha1.js" />
      <RootComponent type="61" schemaName="qg_/js/smartint.js" />
      <RootComponent type="61" schemaName="qg_/js/wrapper.js" />
      <RootComponent type="61" schemaName="qg_authorize.html" />
      <RootComponent type="61" schemaName="qg_smartint.html" />
      <RootComponent type="91" schemaName="Smartint.SmartintPlugins, Version=1.0.0.0, Culture=neutral, PublicKeyToken=e0ab79008e924475" />
      <RootComponent type="92" id="{02ae789d-7157-e311-93fb-000c2969a40c}" />
      <RootComponent type="92" id="{06ae789d-7157-e311-93fb-000c2969a40c}" />
    </RootComponents>
    <MissingDependencies />
  </SolutionManifest>
</ImportExportXml>